Date_Time,Dp>0.3,Dp>0.5,Dp>1.0,Dp>2.5,Dp>5.0,Dp>10.0
2020-12-22 12:49:00,0,0,0,0,0,0
2020-12-22 12:49:10,0,0,0,0,0,0
2020-12-22 12:49:20,0,0,0,0,0,0
2020-12-22 12:49:30,0,0,0,0,0,0
2020-12-22 12:49:40,0,0,0,0,0,0
2020-12-22 12:49:50,0,0,0,0,0,0
2020-12-22 12:50:00,0,0,0,0,0,0
2020-12-22 12:50:10,0,0,0,0,0,0
2020-12-22 12:50:20,0,0,0,0,0,0
2020-12-22 12:50:30,0,0,0,0,0,0
2020-12-22 12:50:40,0,0,0,0,0,0
2020-12-22 12:50:50,0,0,0,0,0,0
2020-12-22 12:51:00,0,0,0,0,0,0
2020-12-22 12:51:10,0,0,0,0,0,0
2020-12-22 12:51:20,0,0,0,0,0,0
2020-12-22 12:51:30,0,0,0,0,0,0
2020-12-22 12:51:40,0,0,0,0,0,0
2020-12-22 12:51:50,0,0,0,0,0,0
2020-12-22 12:52:00,0,0,0,0,0,0
2020-12-22 12:52:10,0,0,0,0,0,0
2020-12-22 12:52:20,0,0,0,0,0,0
2020-12-22 12:52:30,0,0,0,0,0,0
2020-12-22 12:52:40,0,0,0,0,0,0
2020-12-22 12:52:50,0,0,0,0,0,0
2020-12-22 12:53:00,0,0,0,0,0,0
2020-12-22 12:53:10,0,0,0,0,0,0
2020-12-22 12:53:20,0,0,0,0,0,0
2020-12-22 12:53:30,0,0,0,0,0,0
2020-12-22 12:53:40,0,0,0,0,0,0
2020-12-22 12:53:50,0,0,0,0,0,0
2020-12-22 12:54:00,0,0,0,0,0,0
2020-12-22 12:54:10,0,0,0,0,0,0
2020-12-22 12:54:20,0,0,0,0,0,0
2020-12-22 12:54:30,0,0,0,0,0,0
2020-12-22 12:54:40,0,0,0,0,0,0
2020-12-22 12:54:50,0,0,0,0,0,0
2020-12-22 12:55:00,0,0,0,0,0,0
2020-12-22 12:55:10,0,0,0,0,0,0
2020-12-22 12:55:20,0,0,0,0,0,0
2020-12-22 12:55:30,0,0,0,0,0,0
2020-12-22 12:55:40,0,0,0,0,0,0
2020-12-22 12:55:50,0,0,0,0,0,0
2020-12-22 12:56:00,0,0,0,0,0,0
2020-12-22 12:56:10,0,0,0,0,0,0
2020-12-22 12:56:20,0,0,0,0,0,0
2020-12-22 12:56:30,0,0,0,0,0,0
2020-12-22 12:56:40,0,0,0,0,0,0
2020-12-22 12:56:50,0,0,0,0,0,0
2020-12-22 12:57:00,0,0,0,0,0,0
2020-12-22 12:57:10,0,0,0,0,0,0
2020-12-22 12:57:20,0,0,0,0,0,0
2020-12-22 12:57:30,0,0,0,0,0,0
2020-12-22 12:57:40,0,0,0,0,0,0
2020-12-22 12:57:50,0,0,0,0,0,0
2020-12-22 12:58:00,0,0,0,0,0,0
2020-12-22 12:58:10,0,0,0,0,0,0
2020-12-22 12:58:20,0,0,0,0,0,0
2020-12-22 12:58:30,0,0,0,0,0,0
2020-12-22 12:58:40,0,0,0,0,0,0
2020-12-22 12:58:50,0,0,0,0,0,0
2020-12-22 12:59:00,0,0,0,0,0,0
2020-12-22 12:59:10,0,0,0,0,0,0
2020-12-22 12:59:20,0,0,0,0,0,0
2020-12-22 12:59:30,0,0,0,0,0,0
2020-12-22 12:59:40,0,0,0,0,0,0
2020-12-22 12:59:50,0,0,0,0,0,0
2020-12-22 13:00:00,0,0,0,0,0,0
2020-12-22 13:00:10,0,0,0,0,0,0
2020-12-22 13:00:20,0,0,0,0,0,0
2020-12-22 13:00:30,0,0,0,0,0,0
2020-12-22 13:00:40,0,0,0,0,0,0
2020-12-22 13:00:50,0,0,0,0,0,0
2020-12-22 13:01:00,0,0,0,0,0,0
2020-12-22 13:01:10,0,0,0,0,0,0
2020-12-22 13:01:20,0,0,0,0,0,0
2020-12-22 13:01:30,0,0,0,0,0,0
2020-12-22 13:01:40,0,0,0,0,0,0
2020-12-22 13:01:50,0,0,0,0,0,0
2020-12-22 13:02:00,0,0,0,0,0,0
2020-12-22 13:02:10,0,0,0,0,0,0
2020-12-22 13:02:20,0,0,0,0,0,0
2020-12-22 13:02:30,0,0,0,0,0,0
2020-12-22 13:02:40,0,0,0,0,0,0
2020-12-22 13:02:50,0,0,0,0,0,0
2020-12-22 13:03:00,0,0,0,0,0,0
2020-12-22 13:03:10,0,0,0,0,0,0
2020-12-22 13:03:20,0,0,0,0,0,0
2020-12-22 13:03:30,0,0,0,0,0,0
2020-12-22 13:03:40,0,0,0,0,0,0
2020-12-22 13:03:50,0,0,0,0,0,0
2020-12-22 13:04:00,0,0,0,0,0,0
2020-12-22 13:04:10,0,0,0,0,0,0
2020-12-22 13:04:20,0,0,0,0,0,0
2020-12-22 13:04:30,0,0,0,0,0,0
2020-12-22 13:04:40,0,0,0,0,0,0
2020-12-22 13:04:50,0,0,0,0,0,0
2020-12-22 13:05:00,0,0,0,0,0,0
2020-12-22 13:05:10,0,0,0,0,0,0
2020-12-22 13:05:20,0,0,0,0,0,0
2020-12-22 13:05:30,0,0,0,0,0,0
2020-12-22 13:05:40,0,0,0,0,0,0
2020-12-22 13:05:50,0,0,0,0,0,0
2020-12-22 13:06:00,0,0,0,0,0,0
2020-12-22 13:06:10,0,0,0,0,0,0
2020-12-22 13:06:20,0,0,0,0,0,0
2020-12-22 13:06:30,0,0,0,0,0,0
2020-12-22 13:06:40,0,0,0,0,0,0
2020-12-22 13:06:50,0,0,0,0,0,0
2020-12-22 13:07:00,0,0,0,0,0,0
2020-12-22 13:07:10,0,0,0,0,0,0
2020-12-22 13:07:20,0,0,0,0,0,0
2020-12-22 13:07:30,0,0,0,0,0,0
2020-12-22 13:07:40,0,0,0,0,0,0
2020-12-22 13:07:50,0,0,0,0,0,0
2020-12-22 13:08:00,0,0,0,0,0,0
2020-12-22 13:08:10,0,0,0,0,0,0
2020-12-22 13:08:20,0,0,0,0,0,0
2020-12-22 13:08:30,0,0,0,0,0,0
2020-12-22 13:08:40,0,0,0,0,0,0
2020-12-22 13:08:50,0,0,0,0,0,0
2020-12-22 13:09:00,0,0,0,0,0,0
2020-12-22 13:09:10,0,0,0,0,0,0
2020-12-22 13:09:20,0,0,0,0,0,0
2020-12-22 13:09:30,0,0,0,0,0,0
2020-12-22 13:09:40,0,0,0,0,0,0
2020-12-22 13:09:50,0,0,0,0,0,0
2020-12-22 13:10:00,0,0,0,0,0,0
2020-12-22 13:10:10,0,0,0,0,0,0
2020-12-22 13:10:20,0,0,0,0,0,0
2020-12-22 13:10:30,0,0,0,0,0,0
2020-12-22 13:10:40,0,0,0,0,0,0
2020-12-22 13:10:50,0,0,0,0,0,0
2020-12-22 13:11:00,0,0,0,0,0,0
2020-12-22 13:11:10,0,0,0,0,0,0
2020-12-22 13:11:20,0,0,0,0,0,0
2020-12-22 13:11:30,0,0,0,0,0,0
2020-12-22 13:11:40,0,0,0,0,0,0
2020-12-22 13:11:50,0,0,0,0,0,0
2020-12-22 13:12:00,0,0,0,0,0,0
2020-12-22 13:12:10,0,0,0,0,0,0
2020-12-22 13:12:20,0,0,0,0,0,0
2020-12-22 13:12:30,0,0,0,0,0,0
2020-12-22 13:12:40,0,0,0,0,0,0
2020-12-22 13:12:50,0,0,0,0,0,0
2020-12-22 13:13:00,0,0,0,0,0,0
2020-12-22 13:13:10,0,0,0,0,0,0
2020-12-22 13:13:20,0,0,0,0,0,0
2020-12-22 13:13:30,0,0,0,0,0,0
2020-12-22 13:13:40,0,0,0,0,0,0
2020-12-22 13:13:50,0,0,0,0,0,0
2020-12-22 13:14:00,0,0,0,0,0,0
2020-12-22 13:14:10,0,0,0,0,0,0
2020-12-22 13:14:20,0,0,0,0,0,0
2020-12-22 13:14:30,0,0,0,0,0,0
2020-12-22 13:14:40,0,0,0,0,0,0
2020-12-22 13:14:50,0,0,0,0,0,0
2020-12-22 13:15:00,0,0,0,0,0,0
2020-12-22 13:15:10,0,0,0,0,0,0
2020-12-22 13:15:20,0,0,0,0,0,0
2020-12-22 13:15:30,0,0,0,0,0,0
2020-12-22 13:15:40,0,0,0,0,0,0
2020-12-22 13:15:50,0,0,0,0,0,0
2020-12-22 13:16:00,0,0,0,0,0,0
2020-12-22 13:16:10,0,0,0,0,0,0
2020-12-22 13:16:20,0,0,0,0,0,0
2020-12-22 13:16:30,0,0,0,0,0,0
2020-12-22 13:16:40,0,0,0,0,0,0
2020-12-22 13:16:50,0,0,0,0,0,0
2020-12-22 13:17:00,0,0,0,0,0,0
2020-12-22 13:17:10,0,0,0,0,0,0
2020-12-22 13:17:20,0,0,0,0,0,0
2020-12-22 13:17:30,0,0,0,0,0,0
2020-12-22 13:17:40,0,0,0,0,0,0
2020-12-22 13:17:50,0,0,0,0,0,0
2020-12-22 13:18:00,0,0,0,0,0,0
2020-12-22 13:18:10,0,0,0,0,0,0
2020-12-22 13:18:20,0,0,0,0,0,0
2020-12-22 13:18:30,0,0,0,0,0,0
2020-12-22 13:18:40,0,0,0,0,0,0
2020-12-22 13:18:50,0,0,0,0,0,0
2020-12-22 13:19:00,0,0,0,0,0,0
2020-12-22 13:19:10,0,0,0,0,0,0
2020-12-22 13:19:20,0,0,0,0,0,0
2020-12-22 13:19:30,0,0,0,0,0,0
2020-12-22 13:19:40,0,0,0,0,0,0
2020-12-22 13:19:50,0,0,0,0,0,0
2020-12-22 13:20:00,0,0,0,0,0,0
2020-12-22 13:20:10,0,0,0,0,0,0
2020-12-22 13:20:20,0,0,0,0,0,0
2020-12-22 13:20:30,0,0,0,0,0,0
2020-12-22 13:20:40,0,0,0,0,0,0
2020-12-22 13:20:50,0,0,0,0,0,0
2020-12-22 13:21:00,0,0,0,0,0,0
2020-12-22 13:21:10,0,0,0,0,0,0
2020-12-22 13:21:20,0,0,0,0,0,0
2020-12-22 13:21:30,0,0,0,0,0,0
2020-12-22 13:21:40,0,0,0,0,0,0
2020-12-22 13:21:50,0,0,0,0,0,0
2020-12-22 13:22:00,0,0,0,0,0,0
2020-12-22 13:22:10,0,0,0,0,0,0
2020-12-22 13:22:20,0,0,0,0,0,0
2020-12-22 13:22:30,0,0,0,0,0,0
2020-12-22 13:22:40,0,0,0,0,0,0
2020-12-22 13:22:50,0,0,0,0,0,0
2020-12-22 13:23:00,0,0,0,0,0,0
2020-12-22 13:23:10,0,0,0,0,0,0
2020-12-22 13:23:20,0,0,0,0,0,0
2020-12-22 13:23:30,0,0,0,0,0,0
2020-12-22 13:23:40,0,0,0,0,0,0
2020-12-22 13:23:50,0,0,0,0,0,0
2020-12-22 13:24:00,0,0,0,0,0,0
2020-12-22 13:24:10,0,0,0,0,0,0
2020-12-22 13:24:20,0,0,0,0,0,0
2020-12-22 13:24:30,0,0,0,0,0,0
2020-12-22 13:24:40,0,0,0,0,0,0
2020-12-22 13:24:50,0,0,0,0,0,0
2020-12-22 13:25:00,0,0,0,0,0,0
2020-12-22 13:25:10,0,0,0,0,0,0
2020-12-22 13:25:20,0,0,0,0,0,0
2020-12-22 13:25:30,0,0,0,0,0,0
2020-12-22 13:25:40,0,0,0,0,0,0
2020-12-22 13:25:50,0,0,0,0,0,0
2020-12-22 13:26:00,0,0,0,0,0,0
2020-12-22 13:26:10,0,0,0,0,0,0
2020-12-22 13:26:20,0,0,0,0,0,0
2020-12-22 13:26:30,0,0,0,0,0,0
2020-12-22 13:26:40,0,0,0,0,0,0
2020-12-22 13:26:50,0,0,0,0,0,0
2020-12-22 13:27:00,0,0,0,0,0,0
2020-12-22 13:27:10,0,0,0,0,0,0
2020-12-22 13:27:20,0,0,0,0,0,0
2020-12-22 13:27:30,0,0,0,0,0,0
2020-12-22 13:27:40,0,0,0,0,0,0
2020-12-22 13:27:50,0,0,0,0,0,0
2020-12-22 13:28:00,0,0,0,0,0,0
2020-12-22 13:28:10,0,0,0,0,0,0
2020-12-22 13:28:20,0,0,0,0,0,0
2020-12-22 13:28:30,0,0,0,0,0,0
2020-12-22 13:28:40,0,0,0,0,0,0
2020-12-22 13:28:50,0,0,0,0,0,0
2020-12-22 13:29:00,0,0,0,0,0,0
2020-12-22 13:29:10,0,0,0,0,0,0
2020-12-22 13:29:20,0,0,0,0,0,0
2020-12-22 13:29:30,0,0,0,0,0,0
2020-12-22 13:29:40,0,0,0,0,0,0
2020-12-22 13:29:50,0,0,0,0,0,0
2020-12-22 13:30:00,0,0,0,0,0,0
2020-12-22 13:30:10,0,0,0,0,0,0
2020-12-22 13:30:20,0,0,0,0,0,0
2020-12-22 13:30:30,0,0,0,0,0,0
2020-12-22 13:30:40,0,0,0,0,0,0
2020-12-22 13:30:50,0,0,0,0,0,0
2020-12-22 13:31:00,0,0,0,0,0,0
2020-12-22 13:31:10,0,0,0,0,0,0
2020-12-22 13:31:20,0,0,0,0,0,0
2020-12-22 13:31:30,0,0,0,0,0,0
2020-12-22 13:31:40,0,0,0,0,0,0
2020-12-22 13:31:50,0,0,0,0,0,0
2020-12-22 13:32:00,0,0,0,0,0,0
2020-12-22 13:32:10,0,0,0,0,0,0
2020-12-22 13:32:20,0,0,0,0,0,0
2020-12-22 13:32:30,0,0,0,0,0,0
2020-12-22 13:32:40,0,0,0,0,0,0
2020-12-22 13:32:50,0,0,0,0,0,0
2020-12-22 13:33:00,0,0,0,0,0,0
2020-12-22 13:33:10,0,0,0,0,0,0
2020-12-22 13:33:20,0,0,0,0,0,0
2020-12-22 13:33:30,0,0,0,0,0,0
2020-12-22 13:33:40,0,0,0,0,0,0
2020-12-22 13:33:50,0,0,0,0,0,0
2020-12-22 13:34:00,0,0,0,0,0,0
2020-12-22 13:34:10,0,0,0,0,0,0
2020-12-22 13:34:20,0,0,0,0,0,0
2020-12-22 13:34:30,0,0,0,0,0,0
2020-12-22 13:34:40,0,0,0,0,0,0
2020-12-22 13:34:50,0,0,0,0,0,0
2020-12-22 13:35:00,0,0,0,0,0,0
2020-12-22 13:35:10,0,0,0,0,0,0
2020-12-22 13:35:20,0,0,0,0,0,0
2020-12-22 13:35:30,0,0,0,0,0,0
2020-12-22 13:35:40,0,0,0,0,0,0
2020-12-22 13:35:50,0,0,0,0,0,0
2020-12-22 13:36:00,0,0,0,0,0,0
2020-12-22 13:36:10,0,0,0,0,0,0
2020-12-22 13:36:20,0,0,0,0,0,0
2020-12-22 13:36:30,0,0,0,0,0,0
2020-12-22 13:36:40,0,0,0,0,0,0
2020-12-22 13:36:50,0,0,0,0,0,0
2020-12-22 13:37:00,0,0,0,0,0,0
2020-12-22 13:37:10,0,0,0,0,0,0
2020-12-22 13:37:20,0,0,0,0,0,0
2020-12-22 13:37:30,0,0,0,0,0,0
2020-12-22 13:37:40,0,0,0,0,0,0
2020-12-22 13:37:50,0,0,0,0,0,0
2020-12-22 13:38:00,0,0,0,0,0,0
2020-12-22 13:38:10,0,0,0,0,0,0
2020-12-22 13:38:20,0,0,0,0,0,0
2020-12-22 13:38:30,0,0,0,0,0,0
2020-12-22 13:38:40,0,0,0,0,0,0
2020-12-22 13:38:50,0,0,0,0,0,0
2020-12-22 13:39:00,0,0,0,0,0,0
2020-12-22 13:39:10,0,0,0,0,0,0
2020-12-22 13:39:20,0,0,0,0,0,0
2020-12-22 13:39:30,0,0,0,0,0,0
2020-12-22 13:39:40,0,0,0,0,0,0
2020-12-22 13:39:50,0,0,0,0,0,0
2020-12-22 13:40:00,0,0,0,0,0,0
2020-12-22 13:40:10,0,0,0,0,0,0
2020-12-22 13:40:20,0,0,0,0,0,0
2020-12-22 13:40:30,0,0,0,0,0,0
2020-12-22 13:40:40,0,0,0,0,0,0
2020-12-22 13:40:50,0,0,0,0,0,0
2020-12-22 13:41:00,0,0,0,0,0,0
2020-12-22 13:41:10,0,0,0,0,0,0
2020-12-22 13:41:20,0,0,0,0,0,0
2020-12-22 13:41:30,0,0,0,0,0,0
2020-12-22 13:41:40,0,0,0,0,0,0
2020-12-22 13:41:50,0,0,0,0,0,0
2020-12-22 13:42:00,0,0,0,0,0,0
2020-12-22 13:42:10,0,0,0,0,0,0
2020-12-22 13:42:20,0,0,0,0,0,0
2020-12-22 13:42:30,0,0,0,0,0,0
2020-12-22 13:42:40,0,0,0,0,0,0
2020-12-22 13:42:50,0,0,0,0,0,0
2020-12-22 13:43:00,0,0,0,0,0,0
2020-12-22 13:43:10,0,0,0,0,0,0
2020-12-22 13:43:20,0,0,0,0,0,0
2020-12-22 13:43:30,0,0,0,0,0,0
2020-12-22 13:43:40,0,0,0,0,0,0
2020-12-22 13:43:50,0,0,0,0,0,0
2020-12-22 13:44:00,0,0,0,0,0,0
2020-12-22 13:44:10,0,0,0,0,0,0
2020-12-22 13:44:20,0,0,0,0,0,0
2020-12-22 13:44:30,0,0,0,0,0,0
2020-12-22 13:44:40,0,0,0,0,0,0
2020-12-22 13:44:50,0,0,0,0,0,0
2020-12-22 13:45:00,0,0,0,0,0,0
2020-12-22 13:45:10,0,0,0,0,0,0
2020-12-22 13:45:20,0,0,0,0,0,0
2020-12-22 13:45:30,0,0,0,0,0,0
2020-12-22 13:45:40,0,0,0,0,0,0
2020-12-22 13:45:50,0,0,0,0,0,0
2020-12-22 13:46:00,0,0,0,0,0,0
2020-12-22 13:46:10,0,0,0,0,0,0
2020-12-22 13:46:20,0,0,0,0,0,0
2020-12-22 13:46:30,0,0,0,0,0,0
2020-12-22 13:46:40,0,0,0,0,0,0
2020-12-22 13:46:50,0,0,0,0,0,0
2020-12-22 13:47:00,0,0,0,0,0,0
2020-12-22 13:47:10,0,0,0,0,0,0
2020-12-22 13:47:20,0,0,0,0,0,0
2020-12-22 13:47:30,0,0,0,0,0,0
2020-12-22 13:47:40,0,0,0,0,0,0
2020-12-22 13:47:50,0,0,0,0,0,0
2020-12-22 13:48:00,0,0,0,0,0,0
2020-12-22 13:48:10,0,0,0,0,0,0
2020-12-22 13:48:20,0,0,0,0,0,0
2020-12-22 13:48:30,0,0,0,0,0,0
2020-12-22 13:48:40,0,0,0,0,0,0
2020-12-22 13:48:50,0,0,0,0,0,0
2020-12-22 13:49:00,0,0,0,0,0,0
2020-12-22 13:49:10,0,0,0,0,0,0
2020-12-22 13:49:20,0,0,0,0,0,0
2020-12-22 13:49:30,0,0,0,0,0,0
2020-12-22 13:49:40,0,0,0,0,0,0
2020-12-22 13:49:50,0,0,0,0,0,0
2020-12-22 13:50:00,0,0,0,0,0,0
2020-12-22 13:50:10,0,0,0,0,0,0
2020-12-22 13:50:20,0,0,0,0,0,0
2020-12-22 13:50:30,0,0,0,0,0,0
2020-12-22 13:50:40,0,0,0,0,0,0
2020-12-22 13:50:50,0,0,0,0,0,0
2020-12-22 13:51:00,0,0,0,0,0,0
2020-12-22 13:51:10,0,0,0,0,0,0
2020-12-22 13:51:20,0,0,0,0,0,0
2020-12-22 13:51:30,0,0,0,0,0,0
2020-12-22 13:51:40,0,0,0,0,0,0
2020-12-22 13:51:50,0,0,0,0,0,0
2020-12-22 13:52:00,0,0,0,0,0,0
2020-12-22 13:52:10,0,0,0,0,0,0
2020-12-22 13:52:20,0,0,0,0,0,0
2020-12-22 13:52:30,0,0,0,0,0,0
2020-12-22 13:52:40,0,0,0,0,0,0
2020-12-22 13:52:50,0,0,0,0,0,0
2020-12-22 13:53:00,0,0,0,0,0,0
2020-12-22 13:53:10,0,0,0,0,0,0
2020-12-22 13:53:20,0,0,0,0,0,0
2020-12-22 13:53:30,0,0,0,0,0,0
2020-12-22 13:53:40,0,0,0,0,0,0
2020-12-22 13:53:50,0,0,0,0,0,0
2020-12-22 13:54:00,0,0,0,0,0,0
2020-12-22 13:54:10,0,0,0,0,0,0
2020-12-22 13:54:20,0,0,0,0,0,0
2020-12-22 13:54:30,0,0,0,0,0,0
2020-12-22 13:54:40,0,0,0,0,0,0
2020-12-22 13:54:50,0,0,0,0,0,0
2020-12-22 13:55:00,0,0,0,0,0,0
2020-12-22 13:55:10,0,0,0,0,0,0
2020-12-22 13:55:20,0,0,0,0,0,0
2020-12-22 13:55:30,0,0,0,0,0,0
2020-12-22 13:55:40,0,0,0,0,0,0
2020-12-22 13:55:50,0,0,0,0,0,0
2020-12-22 13:56:00,0,0,0,0,0,0
2020-12-22 13:56:10,0,0,0,0,0,0
2020-12-22 13:56:20,0,0,0,0,0,0
2020-12-22 13:56:30,0,0,0,0,0,0
2020-12-22 13:56:40,0,0,0,0,0,0
2020-12-22 13:56:50,0,0,0,0,0,0
2020-12-22 13:57:00,0,0,0,0,0,0
2020-12-22 13:57:10,0,0,0,0,0,0
2020-12-22 13:57:20,0,0,0,0,0,0
2020-12-22 13:57:30,0,0,0,0,0,0
2020-12-22 13:57:40,0,0,0,0,0,0
2020-12-22 13:57:50,0,0,0,0,0,0
2020-12-22 13:58:00,0,0,0,0,0,0
2020-12-22 13:58:10,0,0,0,0,0,0
2020-12-22 13:58:20,0,0,0,0,0,0
2020-12-22 13:58:30,0,0,0,0,0,0
2020-12-22 13:58:40,0,0,0,0,0,0
2020-12-22 13:58:50,0,0,0,0,0,0
2020-12-22 13:59:00,0,0,0,0,0,0
2020-12-22 13:59:10,0,0,0,0,0,0
2020-12-22 13:59:20,0,0,0,0,0,0
2020-12-22 13:59:30,0,0,0,0,0,0
2020-12-22 13:59:40,0,0,0,0,0,0
2020-12-22 13:59:50,0,0,0,0,0,0
2020-12-22 14:00:00,0,0,0,0,0,0
2020-12-22 14:00:10,0,0,0,0,0,0
2020-12-22 14:00:20,0,0,0,0,0,0
2020-12-22 14:00:30,0,0,0,0,0,0
2020-12-22 14:00:40,0,0,0,0,0,0
2020-12-22 14:00:50,0,0,0,0,0,0
2020-12-22 14:01:00,0,0,0,0,0,0
2020-12-22 14:01:10,0,0,0,0,0,0
2020-12-22 14:01:20,0,0,0,0,0,0
2020-12-22 14:01:30,0,0,0,0,0,0
2020-12-22 14:01:40,0,0,0,0,0,0
2020-12-22 14:01:50,0,0,0,0,0,0
2020-12-22 14:02:00,0,0,0,0,0,0
2020-12-22 14:02:10,0,0,0,0,0,0
2020-12-22 14:02:20,0,0,0,0,0,0
2020-12-22 14:02:30,0,0,0,0,0,0
2020-12-22 14:02:40,0,0,0,0,0,0
2020-12-22 14:02:50,0,0,0,0,0,0
2020-12-22 14:03:00,0,0,0,0,0,0
2020-12-22 14:03:10,0,0,0,0,0,0
2020-12-22 14:03:20,0,0,0,0,0,0
2020-12-22 14:03:30,0,0,0,0,0,0
2020-12-22 14:03:40,0,0,0,0,0,0
2020-12-22 14:03:50,0,0,0,0,0,0
2020-12-22 14:04:00,0,0,0,0,0,0
2020-12-22 14:04:10,0,0,0,0,0,0
2020-12-22 14:04:20,0,0,0,0,0,0
2020-12-22 14:04:30,0,0,0,0,0,0
2020-12-22 14:04:40,0,0,0,0,0,0
2020-12-22 14:04:50,0,0,0,0,0,0
2020-12-22 14:05:00,0,0,0,0,0,0
2020-12-22 14:05:10,0,0,0,0,0,0
2020-12-22 14:05:20,0,0,0,0,0,0
2020-12-22 14:05:30,0,0,0,0,0,0
2020-12-22 14:05:40,0,0,0,0,0,0
2020-12-22 14:05:50,0,0,0,0,0,0
2020-12-22 14:06:00,0,0,0,0,0,0
2020-12-22 14:06:10,0,0,0,0,0,0
2020-12-22 14:06:20,0,0,0,0,0,0
2020-12-22 14:06:30,0,0,0,0,0,0
2020-12-22 14:06:40,0,0,0,0,0,0
2020-12-22 14:06:50,0,0,0,0,0,0
2020-12-22 14:07:00,0,0,0,0,0,0
2020-12-22 14:07:10,0,0,0,0,0,0
2020-12-22 14:07:20,0,0,0,0,0,0
2020-12-22 14:07:30,0,0,0,0,0,0
2020-12-22 14:07:40,0,0,0,0,0,0
2020-12-22 14:07:50,0,0,0,0,0,0
2020-12-22 14:08:00,0,0,0,0,0,0
2020-12-22 14:08:10,0,0,0,0,0,0
2020-12-22 14:08:20,0,0,0,0,0,0
2020-12-22 14:08:30,0,0,0,0,0,0
2020-12-22 14:08:40,0,0,0,0,0,0
2020-12-22 14:08:50,0,0,0,0,0,0
2020-12-22 14:09:00,0,0,0,0,0,0
2020-12-22 14:09:10,0,0,0,0,0,0
2020-12-22 14:09:20,0,0,0,0,0,0
2020-12-22 14:09:30,0,0,0,0,0,0
2020-12-22 14:09:40,0,0,0,0,0,0
2020-12-22 14:09:50,0,0,0,0,0,0
2020-12-22 14:10:00,0,0,0,0,0,0
2020-12-22 14:10:10,0,0,0,0,0,0
2020-12-22 14:10:20,0,0,0,0,0,0
2020-12-22 14:10:30,0,0,0,0,0,0
2020-12-22 14:10:40,0,0,0,0,0,0
2020-12-22 14:10:50,0,0,0,0,0,0
2020-12-22 14:11:00,0,0,0,0,0,0
2020-12-22 14:11:10,0,0,0,0,0,0
2020-12-22 14:11:20,0,0,0,0,0,0
2020-12-22 14:11:30,0,0,0,0,0,0
2020-12-22 14:11:40,0,0,0,0,0,0
2020-12-22 14:11:50,0,0,0,0,0,0
2020-12-22 14:12:00,0,0,0,0,0,0
2020-12-22 14:12:10,0,0,0,0,0,0
2020-12-22 14:12:20,0,0,0,0,0,0
2020-12-22 14:12:30,0,0,0,0,0,0
2020-12-22 14:12:40,0,0,0,0,0,0
2020-12-22 14:12:50,0,0,0,0,0,0
2020-12-22 14:13:00,0,0,0,0,0,0
2020-12-22 14:13:10,0,0,0,0,0,0
2020-12-22 14:13:20,0,0,0,0,0,0
2020-12-22 14:13:30,0,0,0,0,0,0
2020-12-22 14:13:40,0,0,0,0,0,0
2020-12-22 14:13:50,0,0,0,0,0,0
2020-12-22 14:14:00,0,0,0,0,0,0
2020-12-22 14:14:10,0,0,0,0,0,0
2020-12-22 14:14:20,0,0,0,0,0,0
2020-12-22 14:14:30,0,0,0,0,0,0
2020-12-22 14:14:40,0,0,0,0,0,0
2020-12-22 14:14:50,0,0,0,0,0,0
2020-12-22 14:15:00,0,0,0,0,0,0
2020-12-22 14:15:10,0,0,0,0,0,0
2020-12-22 14:15:20,0,0,0,0,0,0
2020-12-22 14:15:30,0,0,0,0,0,0
2020-12-22 14:15:40,0,0,0,0,0,0
2020-12-22 14:15:50,0,0,0,0,0,0
2020-12-22 14:16:00,0,0,0,0,0,0
2020-12-22 14:16:10,0,0,0,0,0,0
2020-12-22 14:16:20,0,0,0,0,0,0
2020-12-22 14:16:30,0,0,0,0,0,0
2020-12-22 14:16:40,0,0,0,0,0,0
2020-12-22 14:16:50,0,0,0,0,0,0
2020-12-22 14:17:00,0,0,0,0,0,0
2020-12-22 14:17:10,0,0,0,0,0,0
2020-12-22 14:17:20,0,0,0,0,0,0
2020-12-22 14:17:30,0,0,0,0,0,0
2020-12-22 14:17:40,0,0,0,0,0,0
2020-12-22 14:17:50,0,0,0,0,0,0
2020-12-22 14:18:00,0,0,0,0,0,0
2020-12-22 14:18:10,0,0,0,0,0,0
2020-12-22 14:18:20,0,0,0,0,0,0
2020-12-22 14:18:30,0,0,0,0,0,0
2020-12-22 14:18:40,0,0,0,0,0,0
2020-12-22 14:18:50,0,0,0,0,0,0
2020-12-22 14:19:00,0,0,0,0,0,0
2020-12-22 14:19:10,0,0,0,0,0,0
2020-12-22 14:19:20,0,0,0,0,0,0
2020-12-22 14:19:30,0,0,0,0,0,0
2020-12-22 14:19:40,0,0,0,0,0,0
2020-12-22 14:19:50,0,0,0,0,0,0
2020-12-22 14:20:00,0,0,0,0,0,0
2020-12-22 14:20:10,0,0,0,0,0,0
2020-12-22 14:20:20,0,0,0,0,0,0
2020-12-22 14:20:30,0,0,0,0,0,0
2020-12-22 14:20:40,0,0,0,0,0,0
2020-12-22 14:20:50,0,0,0,0,0,0
2020-12-22 14:21:00,0,0,0,0,0,0
2020-12-22 14:21:10,0,0,0,0,0,0
2020-12-22 14:21:20,0,0,0,0,0,0
2020-12-22 14:21:30,0,0,0,0,0,0
2020-12-22 14:21:40,0,0,0,0,0,0
2020-12-22 14:21:50,0,0,0,0,0,0
2020-12-22 14:22:00,0,0,0,0,0,0
2020-12-22 14:22:10,0,0,0,0,0,0
2020-12-22 14:22:20,0,0,0,0,0,0
2020-12-22 14:22:30,0,0,0,0,0,0
2020-12-22 14:22:40,0,0,0,0,0,0
2020-12-22 14:22:50,0,0,0,0,0,0
2020-12-22 14:23:00,0,0,0,0,0,0
2020-12-22 14:23:10,0,0,0,0,0,0
2020-12-22 14:23:20,0,0,0,0,0,0
2020-12-22 14:23:30,0,0,0,0,0,0
2020-12-22 14:23:40,0,0,0,0,0,0
2020-12-22 14:23:50,0,0,0,0,0,0
2020-12-22 14:24:00,0,0,0,0,0,0
2020-12-22 14:24:10,0,0,0,0,0,0
2020-12-22 14:24:20,0,0,0,0,0,0
2020-12-22 14:24:30,0,0,0,0,0,0
2020-12-22 14:24:40,0,0,0,0,0,0
2020-12-22 14:24:50,0,0,0,0,0,0
2020-12-22 14:25:00,0,0,0,0,0,0
2020-12-22 14:25:10,0,0,0,0,0,0
2020-12-22 14:25:20,0,0,0,0,0,0
2020-12-22 14:25:30,0,0,0,0,0,0
2020-12-22 14:25:40,0,0,0,0,0,0
2020-12-22 14:25:50,0,0,0,0,0,0
2020-12-22 14:26:00,0,0,0,0,0,0
2020-12-22 14:26:10,0,0,0,0,0,0
2020-12-22 14:26:20,0,0,0,0,0,0
2020-12-22 14:26:30,0,0,0,0,0,0
2020-12-22 14:26:40,0,0,0,0,0,0
2020-12-22 14:26:50,0,0,0,0,0,0
2020-12-22 14:27:00,0,0,0,0,0,0
2020-12-22 14:27:10,0,0,0,0,0,0
2020-12-22 14:27:20,0,0,0,0,0,0
2020-12-22 14:27:30,0,0,0,0,0,0
2020-12-22 14:27:40,0,0,0,0,0,0
2020-12-22 14:27:50,0,0,0,0,0,0
2020-12-22 14:28:00,0,0,0,0,0,0
2020-12-22 14:28:10,0,0,0,0,0,0
2020-12-22 14:28:20,0,0,0,0,0,0
2020-12-22 14:28:30,0,0,0,0,0,0
2020-12-22 14:28:40,0,0,0,0,0,0
2020-12-22 14:28:50,0,0,0,0,0,0
2020-12-22 14:29:00,0,0,0,0,0,0
2020-12-22 14:29:10,0,0,0,0,0,0
2020-12-22 14:29:20,0,0,0,0,0,0
2020-12-22 14:29:30,0,0,0,0,0,0
2020-12-22 14:29:40,0,0,0,0,0,0
2020-12-22 14:29:50,0,0,0,0,0,0
2020-12-22 14:30:00,0,0,0,0,0,0
2020-12-22 14:30:10,0,0,0,0,0,0
2020-12-22 14:30:20,0,0,0,0,0,0
2020-12-22 14:30:30,0,0,0,0,0,0
2020-12-22 14:30:40,0,0,0,0,0,0
2020-12-22 14:30:50,0,0,0,0,0,0
2020-12-22 14:31:00,0,0,0,0,0,0
2020-12-22 14:31:10,0,0,0,0,0,0
2020-12-22 14:31:20,0,0,0,0,0,0
2020-12-22 14:31:30,0,0,0,0,0,0
2020-12-22 14:31:40,0,0,0,0,0,0
2020-12-22 14:31:50,0,0,0,0,0,0
2020-12-22 14:32:00,0,0,0,0,0,0
2020-12-22 14:32:10,0,0,0,0,0,0
2020-12-22 14:32:20,0,0,0,0,0,0
2020-12-22 14:32:30,0,0,0,0,0,0
2020-12-22 14:32:40,0,0,0,0,0,0
2020-12-22 14:32:50,0,0,0,0,0,0
2020-12-22 14:33:00,0,0,0,0,0,0
2020-12-22 14:33:10,0,0,0,0,0,0
2020-12-22 14:33:20,0,0,0,0,0,0
2020-12-22 14:33:30,0,0,0,0,0,0
2020-12-22 14:33:40,0,0,0,0,0,0
2020-12-22 14:33:50,0,0,0,0,0,0
2020-12-22 14:34:00,0,0,0,0,0,0
2020-12-22 14:34:10,0,0,0,0,0,0
2020-12-22 14:34:20,0,0,0,0,0,0
2020-12-22 14:34:30,0,0,0,0,0,0
2020-12-22 14:34:40,0,0,0,0,0,0
2020-12-22 14:34:50,0,0,0,0,0,0
2020-12-22 14:35:00,0,0,0,0,0,0
2020-12-22 14:35:10,0,0,0,0,0,0
2020-12-22 14:35:20,0,0,0,0,0,0
2020-12-22 14:35:30,0,0,0,0,0,0
2020-12-22 14:35:40,0,0,0,0,0,0
2020-12-22 14:35:50,0,0,0,0,0,0
2020-12-22 14:36:00,0,0,0,0,0,0
2020-12-22 14:36:10,0,0,0,0,0,0
2020-12-22 14:36:20,0,0,0,0,0,0
2020-12-22 14:36:30,0,0,0,0,0,0
2020-12-22 14:36:40,0,0,0,0,0,0
2020-12-22 14:36:50,0,0,0,0,0,0
2020-12-22 14:37:00,0,0,0,0,0,0
2020-12-22 14:37:10,0,0,0,0,0,0
2020-12-22 14:37:20,0,0,0,0,0,0
2020-12-22 14:37:30,0,0,0,0,0,0
2020-12-22 14:37:40,0,0,0,0,0,0
2020-12-22 14:37:50,0,0,0,0,0,0
2020-12-22 14:38:00,0,0,0,0,0,0
2020-12-22 14:38:10,0,0,0,0,0,0
2020-12-22 14:38:20,0,0,0,0,0,0
2020-12-22 14:38:30,0,0,0,0,0,0
2020-12-22 14:38:40,0,0,0,0,0,0
2020-12-22 14:38:50,0,0,0,0,0,0
2020-12-22 14:39:00,0,0,0,0,0,0
2020-12-22 14:39:10,0,0,0,0,0,0
2020-12-22 14:39:20,0,0,0,0,0,0
2020-12-22 14:39:30,0,0,0,0,0,0
2020-12-22 14:39:40,0,0,0,0,0,0
2020-12-22 14:39:50,0,0,0,0,0,0
2020-12-22 14:40:00,0,0,0,0,0,0
2020-12-22 14:40:10,0,0,0,0,0,0
2020-12-22 14:40:20,0,0,0,0,0,0
2020-12-22 14:40:30,0,0,0,0,0,0
2020-12-22 14:40:40,0,0,0,0,0,0
2020-12-22 14:40:50,0,0,0,0,0,0
2020-12-22 14:41:00,0,0,0,0,0,0
2020-12-22 14:41:10,0,0,0,0,0,0
2020-12-22 14:41:20,0,0,0,0,0,0
2020-12-22 14:41:30,0,0,0,0,0,0
2020-12-22 14:41:40,0,0,0,0,0,0
2020-12-22 14:41:50,0,0,0,0,0,0
2020-12-22 14:42:00,0,0,0,0,0,0
2020-12-22 14:42:10,0,0,0,0,0,0
2020-12-22 14:42:20,0,0,0,0,0,0
2020-12-22 14:42:30,0,0,0,0,0,0
2020-12-22 14:42:40,0,0,0,0,0,0
2020-12-22 14:42:50,0,0,0,0,0,0
2020-12-22 14:43:00,0,0,0,0,0,0
2020-12-22 14:43:10,0,0,0,0,0,0
2020-12-22 14:43:20,0,0,0,0,0,0
2020-12-22 14:43:30,0,0,0,0,0,0
2020-12-22 14:43:40,0,0,0,0,0,0
2020-12-22 14:43:50,0,0,0,0,0,0
2020-12-22 14:44:00,0,0,0,0,0,0
2020-12-22 14:44:10,0,0,0,0,0,0
2020-12-22 14:44:20,0,0,0,0,0,0
2020-12-22 14:44:30,0,0,0,0,0,0
2020-12-22 14:44:40,0,0,0,0,0,0
2020-12-22 14:44:50,0,0,0,0,0,0
2020-12-22 14:45:00,0,0,0,0,0,0
2020-12-22 14:45:10,0,0,0,0,0,0
2020-12-22 14:45:20,0,0,0,0,0,0
2020-12-22 14:45:30,0,0,0,0,0,0
2020-12-22 14:45:40,0,0,0,0,0,0
2020-12-22 14:45:50,0,0,0,0,0,0
2020-12-22 14:46:00,0,0,0,0,0,0
2020-12-22 14:46:10,0,0,0,0,0,0
2020-12-22 14:46:20,0,0,0,0,0,0
2020-12-22 14:46:30,0,0,0,0,0,0
2020-12-22 14:46:40,0,0,0,0,0,0
2020-12-22 14:46:50,0,0,0,0,0,0
2020-12-22 14:47:00,0,0,0,0,0,0
2020-12-22 14:47:10,0,0,0,0,0,0
2020-12-22 14:47:20,0,0,0,0,0,0
2020-12-22 14:47:30,0,0,0,0,0,0
2020-12-22 14:47:40,0,0,0,0,0,0
2020-12-22 14:47:50,0,0,0,0,0,0
2020-12-22 14:48:00,0,0,0,0,0,0
2020-12-22 14:48:10,0,0,0,0,0,0
2020-12-22 14:48:20,0,0,0,0,0,0
2020-12-22 14:48:30,0,0,0,0,0,0
2020-12-22 14:48:40,0,0,0,0,0,0
2020-12-22 14:48:50,0,0,0,0,0,0
2020-12-22 14:49:00,0,0,0,0,0,0
2020-12-22 14:49:10,0,0,0,0,0,0
2020-12-22 14:49:20,0,0,0,0,0,0
2020-12-22 14:49:30,0,0,0,0,0,0
2020-12-22 14:49:40,0,0,0,0,0,0
2020-12-22 14:49:50,0,0,0,0,0,0
2020-12-22 14:50:00,0,0,0,0,0,0
2020-12-22 14:50:10,0,0,0,0,0,0
2020-12-22 14:50:20,0,0,0,0,0,0
2020-12-22 14:50:30,0,0,0,0,0,0
2020-12-22 14:50:40,0,0,0,0,0,0
2020-12-22 14:50:50,0,0,0,0,0,0
2020-12-22 14:51:00,0,0,0,0,0,0
2020-12-22 14:51:10,0,0,0,0,0,0
2020-12-22 14:51:20,0,0,0,0,0,0
2020-12-22 14:51:30,0,0,0,0,0,0
2020-12-22 14:51:40,0,0,0,0,0,0
2020-12-22 14:51:50,0,0,0,0,0,0
2020-12-22 14:52:00,0,0,0,0,0,0
2020-12-22 14:52:10,0,0,0,0,0,0
2020-12-22 14:52:20,0,0,0,0,0,0
2020-12-22 14:52:30,0,0,0,0,0,0
2020-12-22 14:52:40,0,0,0,0,0,0
2020-12-22 14:52:50,0,0,0,0,0,0
2020-12-22 14:53:00,0,0,0,0,0,0
2020-12-22 14:53:10,0,0,0,0,0,0
2020-12-22 14:53:20,0,0,0,0,0,0
2020-12-22 14:53:30,0,0,0,0,0,0
2020-12-22 14:53:40,0,0,0,0,0,0
2020-12-22 14:53:50,0,0,0,0,0,0
2020-12-22 14:54:00,0,0,0,0,0,0
2020-12-22 14:54:10,0,0,0,0,0,0
2020-12-22 14:54:20,0,0,0,0,0,0
2020-12-22 14:54:30,0,0,0,0,0,0
2020-12-22 14:54:40,0,0,0,0,0,0
2020-12-22 14:54:50,0,0,0,0,0,0
2020-12-22 14:55:00,0,0,0,0,0,0
2020-12-22 14:55:10,0,0,0,0,0,0
2020-12-22 14:55:20,0,0,0,0,0,0
2020-12-22 14:55:30,0,0,0,0,0,0
2020-12-22 14:55:40,0,0,0,0,0,0
2020-12-22 14:55:50,0,0,0,0,0,0
2020-12-22 14:56:00,0,0,0,0,0,0
2020-12-22 14:56:10,0,0,0,0,0,0
2020-12-22 14:56:20,0,0,0,0,0,0
2020-12-22 14:56:30,0,0,0,0,0,0
2020-12-22 14:56:40,0,0,0,0,0,0
2020-12-22 14:56:50,0,0,0,0,0,0
2020-12-22 14:57:00,0,0,0,0,0,0
2020-12-22 14:57:10,0,0,0,0,0,0
2020-12-22 14:57:20,0,0,0,0,0,0
2020-12-22 14:57:30,0,0,0,0,0,0
2020-12-22 14:57:40,0,0,0,0,0,0
2020-12-22 14:57:50,0,0,0,0,0,0
2020-12-22 14:58:00,0,0,0,0,0,0
2020-12-22 14:58:10,0,0,0,0,0,0
2020-12-22 14:58:20,0,0,0,0,0,0
2020-12-22 14:58:30,0,0,0,0,0,0
2020-12-22 14:58:40,0,0,0,0,0,0
2020-12-22 14:58:50,0,0,0,0,0,0
2020-12-22 14:59:00,0,0,0,0,0,0
2020-12-22 14:59:10,0,0,0,0,0,0
2020-12-22 14:59:20,0,0,0,0,0,0
2020-12-22 14:59:30,0,0,0,0,0,0
2020-12-22 14:59:40,0,0,0,0,0,0
2020-12-22 14:59:50,0,0,0,0,0,0
2020-12-22 15:00:00,0,0,0,0,0,0
2020-12-22 15:00:10,0,0,0,0,0,0
2020-12-22 15:00:20,0,0,0,0,0,0
2020-12-22 15:00:30,0,0,0,0,0,0
2020-12-22 15:00:40,0,0,0,0,0,0
2020-12-22 15:00:50,0,0,0,0,0,0
2020-12-22 15:01:00,0,0,0,0,0,0
2020-12-22 15:01:10,0,0,0,0,0,0
2020-12-22 15:01:20,0,0,0,0,0,0
2020-12-22 15:01:30,0,0,0,0,0,0
2020-12-22 15:01:40,0,0,0,0,0,0
2020-12-22 15:01:50,0,0,0,0,0,0
2020-12-22 15:02:00,0,0,0,0,0,0
2020-12-22 15:02:10,0,0,0,0,0,0
2020-12-22 15:02:20,0,0,0,0,0,0
2020-12-22 15:02:30,0,0,0,0,0,0
2020-12-22 15:02:40,0,0,0,0,0,0
2020-12-22 15:02:50,0,0,0,0,0,0
2020-12-22 15:03:00,0,0,0,0,0,0
2020-12-22 15:03:10,0,0,0,0,0,0
2020-12-22 15:03:20,0,0,0,0,0,0
2020-12-22 15:03:30,0,0,0,0,0,0
2020-12-22 15:03:40,0,0,0,0,0,0
2020-12-22 15:03:50,0,0,0,0,0,0
2020-12-22 15:04:00,0,0,0,0,0,0
2020-12-22 15:04:10,0,0,0,0,0,0
2020-12-22 15:04:20,0,0,0,0,0,0
2020-12-22 15:04:30,0,0,0,0,0,0
2020-12-22 15:04:40,0,0,0,0,0,0
2020-12-22 15:04:50,0,0,0,0,0,0
2020-12-22 15:05:00,0,0,0,0,0,0
2020-12-22 15:05:10,0,0,0,0,0,0
2020-12-22 15:05:20,0,0,0,0,0,0
2020-12-22 15:05:30,0,0,0,0,0,0
2020-12-22 15:05:40,0,0,0,0,0,0
2020-12-22 15:05:50,0,0,0,0,0,0
2020-12-22 15:06:00,0,0,0,0,0,0
2020-12-22 15:06:10,0,0,0,0,0,0
2020-12-22 15:06:20,0,0,0,0,0,0
2020-12-22 15:06:30,0,0,0,0,0,0
2020-12-22 15:06:40,0,0,0,0,0,0
2020-12-22 15:06:50,0,0,0,0,0,0
2020-12-22 15:07:00,0,0,0,0,0,0
2020-12-22 15:07:10,0,0,0,0,0,0
2020-12-22 15:07:20,0,0,0,0,0,0
2020-12-22 15:07:30,0,0,0,0,0,0
2020-12-22 15:07:40,0,0,0,0,0,0
2020-12-22 15:07:50,0,0,0,0,0,0
2020-12-22 15:08:00,0,0,0,0,0,0
2020-12-22 15:08:10,0,0,0,0,0,0
2020-12-22 15:08:20,0,0,0,0,0,0
2020-12-22 15:08:30,0,0,0,0,0,0
2020-12-22 15:08:40,0,0,0,0,0,0
2020-12-22 15:08:50,0,0,0,0,0,0
2020-12-22 15:09:00,0,0,0,0,0,0
2020-12-22 15:09:10,0,0,0,0,0,0
2020-12-22 15:09:20,0,0,0,0,0,0
2020-12-22 15:09:30,0,0,0,0,0,0
2020-12-22 15:09:40,0,0,0,0,0,0
2020-12-22 15:09:50,0,0,0,0,0,0
2020-12-22 15:10:00,0,0,0,0,0,0
2020-12-22 15:10:10,0,0,0,0,0,0
2020-12-22 15:10:20,0,0,0,0,0,0
2020-12-22 15:10:30,0,0,0,0,0,0
2020-12-22 15:10:40,0,0,0,0,0,0
2020-12-22 15:10:50,0,0,0,0,0,0
2020-12-22 15:11:00,0,0,0,0,0,0
2020-12-22 15:11:10,0,0,0,0,0,0
2020-12-22 15:11:20,0,0,0,0,0,0
2020-12-22 15:11:30,0,0,0,0,0,0
2020-12-22 15:11:40,0,0,0,0,0,0
2020-12-22 15:11:50,0,0,0,0,0,0
2020-12-22 15:12:00,0,0,0,0,0,0
2020-12-22 15:12:10,0,0,0,0,0,0
2020-12-22 15:12:20,0,0,0,0,0,0
2020-12-22 15:12:30,0,0,0,0,0,0
2020-12-22 15:12:40,0,0,0,0,0,0
2020-12-22 15:12:50,0,0,0,0,0,0
2020-12-22 15:13:00,0,0,0,0,0,0
2020-12-22 15:13:10,0,0,0,0,0,0
2020-12-22 15:13:20,0,0,0,0,0,0
2020-12-22 15:13:30,0,0,0,0,0,0
2020-12-22 15:13:40,0,0,0,0,0,0
2020-12-22 15:13:50,0,0,0,0,0,0
2020-12-22 15:14:00,0,0,0,0,0,0
2020-12-22 15:14:10,0,0,0,0,0,0
2020-12-22 15:14:20,0,0,0,0,0,0
2020-12-22 15:14:30,0,0,0,0,0,0
2020-12-22 15:14:40,0,0,0,0,0,0
2020-12-22 15:14:50,0,0,0,0,0,0
2020-12-22 15:15:00,0,0,0,0,0,0
2020-12-22 15:15:10,0,0,0,0,0,0
2020-12-22 15:15:20,0,0,0,0,0,0
2020-12-22 15:15:30,0,0,0,0,0,0
2020-12-22 15:15:40,0,0,0,0,0,0
2020-12-22 15:15:50,0,0,0,0,0,0
2020-12-22 15:16:00,0,0,0,0,0,0
2020-12-22 15:16:10,0,0,0,0,0,0
2020-12-22 15:16:20,0,0,0,0,0,0
2020-12-22 15:16:30,0,0,0,0,0,0
2020-12-22 15:16:40,0,0,0,0,0,0
2020-12-22 15:16:50,0,0,0,0,0,0
2020-12-22 15:17:00,0,0,0,0,0,0
2020-12-22 15:17:10,0,0,0,0,0,0
2020-12-22 15:17:20,0,0,0,0,0,0
2020-12-22 15:17:30,0,0,0,0,0,0
2020-12-22 15:17:40,0,0,0,0,0,0
2020-12-22 15:17:50,0,0,0,0,0,0
2020-12-22 15:18:00,0,0,0,0,0,0
2020-12-22 15:18:10,0,0,0,0,0,0
2020-12-22 15:18:20,0,0,0,0,0,0
2020-12-22 15:18:30,0,0,0,0,0,0
2020-12-22 15:18:40,0,0,0,0,0,0
2020-12-22 15:18:50,0,0,0,0,0,0
2020-12-22 15:19:00,0,0,0,0,0,0
2020-12-22 15:19:10,0,0,0,0,0,0
2020-12-22 15:19:20,0,0,0,0,0,0
2020-12-22 15:19:30,0,0,0,0,0,0
2020-12-22 15:19:40,0,0,0,0,0,0
2020-12-22 15:19:50,0,0,0,0,0,0
2020-12-22 15:20:00,0,0,0,0,0,0
2020-12-22 15:20:10,0,0,0,0,0,0
2020-12-22 15:20:20,0,0,0,0,0,0
2020-12-22 15:20:30,0,0,0,0,0,0
2020-12-22 15:20:40,0,0,0,0,0,0
2020-12-22 15:20:50,0,0,0,0,0,0
2020-12-22 15:21:00,0,0,0,0,0,0
2020-12-22 15:21:10,0,0,0,0,0,0
2020-12-22 15:21:20,0,0,0,0,0,0
2020-12-22 15:21:30,0,0,0,0,0,0
2020-12-22 15:21:40,0,0,0,0,0,0
2020-12-22 15:21:50,0,0,0,0,0,0
2020-12-22 15:22:00,0,0,0,0,0,0
2020-12-22 15:22:10,0,0,0,0,0,0
2020-12-22 15:22:20,0,0,0,0,0,0
2020-12-22 15:22:30,0,0,0,0,0,0
2020-12-22 15:22:40,0,0,0,0,0,0
2020-12-22 15:22:50,0,0,0,0,0,0
2020-12-22 15:23:00,0,0,0,0,0,0
2020-12-22 15:23:10,0,0,0,0,0,0
2020-12-22 15:23:20,0,0,0,0,0,0
2020-12-22 15:23:30,0,0,0,0,0,0
2020-12-22 15:23:40,0,0,0,0,0,0
2020-12-22 15:23:50,0,0,0,0,0,0
2020-12-22 15:24:00,0,0,0,0,0,0
2020-12-22 15:24:10,0,0,0,0,0,0
2020-12-22 15:24:20,0,0,0,0,0,0
2020-12-22 15:24:30,0,0,0,0,0,0
2020-12-22 15:24:40,0,0,0,0,0,0
2020-12-22 15:24:50,0,0,0,0,0,0
2020-12-22 15:25:00,0,0,0,0,0,0
2020-12-22 15:25:10,0,0,0,0,0,0
2020-12-22 15:25:20,0,0,0,0,0,0
2020-12-22 15:25:30,0,0,0,0,0,0
2020-12-22 15:25:40,0,0,0,0,0,0
2020-12-22 15:25:50,0,0,0,0,0,0
2020-12-22 15:26:00,0,0,0,0,0,0
2020-12-22 15:26:10,0,0,0,0,0,0
2020-12-22 15:26:20,0,0,0,0,0,0
2020-12-22 15:26:30,0,0,0,0,0,0
2020-12-22 15:26:40,0,0,0,0,0,0
2020-12-22 15:26:50,0,0,0,0,0,0
2020-12-22 15:27:00,0,0,0,0,0,0
2020-12-22 15:27:10,0,0,0,0,0,0
2020-12-22 15:27:20,0,0,0,0,0,0
2020-12-22 15:27:30,0,0,0,0,0,0
2020-12-22 15:27:40,0,0,0,0,0,0
2020-12-22 15:27:50,0,0,0,0,0,0
2020-12-22 15:28:00,0,0,0,0,0,0
2020-12-22 15:28:10,0,0,0,0,0,0
2020-12-22 15:28:20,0,0,0,0,0,0
2020-12-22 15:28:30,0,0,0,0,0,0
2020-12-22 15:28:40,0,0,0,0,0,0
2020-12-22 15:28:50,0,0,0,0,0,0
2020-12-22 15:29:00,0,0,0,0,0,0
2020-12-22 15:29:10,0,0,0,0,0,0
2020-12-22 15:29:20,0,0,0,0,0,0
2020-12-22 15:29:30,0,0,0,0,0,0
2020-12-22 15:29:40,0,0,0,0,0,0
2020-12-22 15:29:50,0,0,0,0,0,0
2020-12-22 15:30:00,0,0,0,0,0,0
2020-12-22 15:30:10,0,0,0,0,0,0
2020-12-22 15:30:20,0,0,0,0,0,0
2020-12-22 15:30:30,0,0,0,0,0,0
2020-12-22 15:30:40,0,0,0,0,0,0
2020-12-22 15:30:50,0,0,0,0,0,0
2020-12-22 15:31:00,0,0,0,0,0,0
2020-12-22 15:31:10,0,0,0,0,0,0
2020-12-22 15:31:20,0,0,0,0,0,0
2020-12-22 15:31:30,0,0,0,0,0,0
2020-12-22 15:31:40,0,0,0,0,0,0
2020-12-22 15:31:50,0,0,0,0,0,0
2020-12-22 15:32:00,0,0,0,0,0,0
2020-12-22 15:32:10,0,0,0,0,0,0
2020-12-22 15:32:20,0,0,0,0,0,0
2020-12-22 15:32:30,0,0,0,0,0,0
2020-12-22 15:32:40,0,0,0,0,0,0
2020-12-22 15:32:50,0,0,0,0,0,0
2020-12-22 15:33:00,0,0,0,0,0,0
2020-12-22 15:33:10,0,0,0,0,0,0
2020-12-22 15:33:20,0,0,0,0,0,0
2020-12-22 15:33:30,0,0,0,0,0,0
2020-12-22 15:33:40,0,0,0,0,0,0
2020-12-22 15:33:50,0,0,0,0,0,0
2020-12-22 15:34:00,0,0,0,0,0,0
2020-12-22 15:34:10,0,0,0,0,0,0
2020-12-22 15:34:20,0,0,0,0,0,0
2020-12-22 15:34:30,0,0,0,0,0,0
2020-12-22 15:34:40,0,0,0,0,0,0
2020-12-22 15:34:50,0,0,0,0,0,0
2020-12-22 15:35:00,0,0,0,0,0,0
2020-12-22 15:35:10,0,0,0,0,0,0
2020-12-22 15:35:20,0,0,0,0,0,0
2020-12-22 15:35:30,0,0,0,0,0,0
2020-12-22 15:35:40,0,0,0,0,0,0
2020-12-22 15:35:50,0,0,0,0,0,0
2020-12-22 15:36:00,0,0,0,0,0,0
2020-12-22 15:36:10,0,0,0,0,0,0
2020-12-22 15:36:20,0,0,0,0,0,0
2020-12-22 15:36:30,0,0,0,0,0,0
2020-12-22 15:36:40,0,0,0,0,0,0
2020-12-22 15:36:50,0,0,0,0,0,0
2020-12-22 15:37:00,0,0,0,0,0,0
2020-12-22 15:37:10,0,0,0,0,0,0
2020-12-22 15:37:20,0,0,0,0,0,0
2020-12-22 15:37:30,0,0,0,0,0,0
2020-12-22 15:37:40,0,0,0,0,0,0
2020-12-22 15:37:50,0,0,0,0,0,0
2020-12-22 15:38:00,0,0,0,0,0,0
2020-12-22 15:38:10,0,0,0,0,0,0
2020-12-22 15:38:20,0,0,0,0,0,0
2020-12-22 15:38:30,0,0,0,0,0,0
2020-12-22 15:38:40,0,0,0,0,0,0
2020-12-22 15:38:50,0,0,0,0,0,0
2020-12-22 15:39:00,0,0,0,0,0,0
2020-12-22 15:39:10,0,0,0,0,0,0
2020-12-22 15:39:20,0,0,0,0,0,0
2020-12-22 15:39:30,0,0,0,0,0,0
2020-12-22 15:39:40,0,0,0,0,0,0
2020-12-22 15:39:50,0,0,0,0,0,0
2020-12-22 15:40:00,0,0,0,0,0,0
2020-12-22 15:40:10,0,0,0,0,0,0
2020-12-22 15:40:20,0,0,0,0,0,0
2020-12-22 15:40:30,0,0,0,0,0,0
2020-12-22 15:40:40,0,0,0,0,0,0
2020-12-22 15:40:50,0,0,0,0,0,0
2020-12-22 15:41:00,0,0,0,0,0,0
2020-12-22 15:41:10,0,0,0,0,0,0
2020-12-22 15:41:20,0,0,0,0,0,0
2020-12-22 15:41:30,0,0,0,0,0,0
2020-12-22 15:41:40,0,0,0,0,0,0
2020-12-22 15:41:50,0,0,0,0,0,0
2020-12-22 15:42:00,0,0,0,0,0,0
2020-12-22 15:42:10,0,0,0,0,0,0
2020-12-22 15:42:20,0,0,0,0,0,0
2020-12-22 15:42:30,0,0,0,0,0,0
2020-12-22 15:42:40,0,0,0,0,0,0
2020-12-22 15:42:50,0,0,0,0,0,0
2020-12-22 15:43:00,0,0,0,0,0,0
2020-12-22 15:43:10,0,0,0,0,0,0
2020-12-22 15:43:20,0,0,0,0,0,0
2020-12-22 15:43:30,0,0,0,0,0,0
2020-12-22 15:43:40,0,0,0,0,0,0
2020-12-22 15:43:50,0,0,0,0,0,0
2020-12-22 15:44:00,0,0,0,0,0,0
2020-12-22 15:44:10,0,0,0,0,0,0
2020-12-22 15:44:20,0,0,0,0,0,0
2020-12-22 15:44:30,0,0,0,0,0,0
2020-12-22 15:44:40,0,0,0,0,0,0
2020-12-22 15:44:50,0,0,0,0,0,0
2020-12-22 15:45:00,0,0,0,0,0,0
2020-12-22 15:45:10,0,0,0,0,0,0
2020-12-22 15:45:20,0,0,0,0,0,0
2020-12-22 15:45:30,0,0,0,0,0,0
2020-12-22 15:45:40,0,0,0,0,0,0
2020-12-22 15:45:50,0,0,0,0,0,0
2020-12-22 15:46:00,0,0,0,0,0,0
2020-12-22 15:46:10,0,0,0,0,0,0
2020-12-22 15:46:20,0,0,0,0,0,0
2020-12-22 15:46:30,0,0,0,0,0,0
2020-12-22 15:46:40,0,0,0,0,0,0
2020-12-22 15:46:50,0,0,0,0,0,0
2020-12-22 15:47:00,0,0,0,0,0,0
2020-12-22 15:47:10,0,0,0,0,0,0
2020-12-22 15:47:20,0,0,0,0,0,0
2020-12-22 15:47:30,0,0,0,0,0,0
2020-12-22 15:47:40,0,0,0,0,0,0
2020-12-22 15:47:50,0,0,0,0,0,0
2020-12-22 15:48:00,0,0,0,0,0,0
2020-12-22 15:48:10,0,0,0,0,0,0
2020-12-22 15:48:20,0,0,0,0,0,0
2020-12-22 15:48:30,0,0,0,0,0,0
2020-12-22 15:48:40,0,0,0,0,0,0
2020-12-22 15:48:50,0,0,0,0,0,0
2020-12-22 15:49:00,0,0,0,0,0,0
2020-12-22 15:49:10,0,0,0,0,0,0
2020-12-22 15:49:20,0,0,0,0,0,0
2020-12-22 15:49:30,0,0,0,0,0,0
2020-12-22 15:49:40,0,0,0,0,0,0
2020-12-22 15:49:50,0,0,0,0,0,0
2020-12-22 15:50:00,0,0,0,0,0,0
2020-12-22 15:50:10,0,0,0,0,0,0
2020-12-22 15:50:20,0,0,0,0,0,0
2020-12-22 15:50:30,0,0,0,0,0,0
2020-12-22 15:50:40,0,0,0,0,0,0
2020-12-22 15:50:50,0,0,0,0,0,0
2020-12-22 15:51:00,0,0,0,0,0,0
2020-12-22 15:51:10,0,0,0,0,0,0
2020-12-22 15:51:20,0,0,0,0,0,0
2020-12-22 15:51:30,0,0,0,0,0,0
2020-12-22 15:51:40,0,0,0,0,0,0
2020-12-22 15:51:50,0,0,0,0,0,0
2020-12-22 15:52:00,0,0,0,0,0,0
2020-12-22 15:52:10,0,0,0,0,0,0
2020-12-22 15:52:20,0,0,0,0,0,0
2020-12-22 15:52:30,0,0,0,0,0,0
2020-12-22 15:52:40,0,0,0,0,0,0
2020-12-22 15:52:50,0,0,0,0,0,0
2020-12-22 15:53:00,0,0,0,0,0,0
2020-12-22 15:53:10,0,0,0,0,0,0
2020-12-22 15:53:20,0,0,0,0,0,0
2020-12-22 15:53:30,0,0,0,0,0,0
2020-12-22 15:53:40,0,0,0,0,0,0
2020-12-22 15:53:50,0,0,0,0,0,0
2020-12-22 15:54:00,0,0,0,0,0,0
2020-12-22 15:54:10,0,0,0,0,0,0
2020-12-22 15:54:20,0,0,0,0,0,0
2020-12-22 15:54:30,0,0,0,0,0,0
2020-12-22 15:54:40,0,0,0,0,0,0
2020-12-22 15:54:50,0,0,0,0,0,0
2020-12-22 15:55:00,0,0,0,0,0,0
2020-12-22 15:55:10,0,0,0,0,0,0
2020-12-22 15:55:20,0,0,0,0,0,0
2020-12-22 15:55:30,0,0,0,0,0,0
2020-12-22 15:55:40,0,0,0,0,0,0
2020-12-22 15:55:50,0,0,0,0,0,0
2020-12-22 15:56:00,0,0,0,0,0,0
2020-12-22 15:56:10,0,0,0,0,0,0
2020-12-22 15:56:20,0,0,0,0,0,0
2020-12-22 15:56:30,0,0,0,0,0,0
2020-12-22 15:56:40,0,0,0,0,0,0
2020-12-22 15:56:50,0,0,0,0,0,0
2020-12-22 15:57:00,0,0,0,0,0,0
2020-12-22 15:57:10,0,0,0,0,0,0
2020-12-22 15:57:20,0,0,0,0,0,0
2020-12-22 15:57:30,0,0,0,0,0,0
2020-12-22 15:57:40,0,0,0,0,0,0
2020-12-22 15:57:50,0,0,0,0,0,0
2020-12-22 15:58:00,0,0,0,0,0,0
2020-12-22 15:58:10,0,0,0,0,0,0
2020-12-22 15:58:20,0,0,0,0,0,0
2020-12-22 15:58:30,0,0,0,0,0,0
2020-12-22 15:58:40,0,0,0,0,0,0
2020-12-22 15:58:50,0,0,0,0,0,0
2020-12-22 15:59:00,0,0,0,0,0,0
2020-12-22 15:59:10,0,0,0,0,0,0
2020-12-22 15:59:20,0,0,0,0,0,0
2020-12-22 15:59:30,0,0,0,0,0,0
2020-12-22 15:59:40,0,0,0,0,0,0
2020-12-22 15:59:50,0,0,0,0,0,0
2020-12-22 16:00:00,0,0,0,0,0,0
2020-12-22 16:00:10,0,0,0,0,0,0
2020-12-22 16:00:20,0,0,0,0,0,0
2020-12-22 16:00:30,0,0,0,0,0,0
2020-12-22 16:00:40,0,0,0,0,0,0
2020-12-22 16:00:50,0,0,0,0,0,0
2020-12-22 16:01:00,0,0,0,0,0,0
2020-12-22 16:01:10,0,0,0,0,0,0
2020-12-22 16:01:20,0,0,0,0,0,0
2020-12-22 16:01:30,0,0,0,0,0,0
2020-12-22 16:01:40,0,0,0,0,0,0
2020-12-22 16:01:50,0,0,0,0,0,0
2020-12-22 16:02:00,0,0,0,0,0,0
2020-12-22 16:02:10,0,0,0,0,0,0
2020-12-22 16:02:20,0,0,0,0,0,0
2020-12-22 16:02:30,0,0,0,0,0,0
2020-12-22 16:02:40,0,0,0,0,0,0
2020-12-22 16:02:50,0,0,0,0,0,0
2020-12-22 16:03:00,0,0,0,0,0,0
2020-12-22 16:03:10,0,0,0,0,0,0
2020-12-22 16:03:20,0,0,0,0,0,0
2020-12-22 16:03:30,0,0,0,0,0,0
2020-12-22 16:03:40,0,0,0,0,0,0
2020-12-22 16:03:50,0,0,0,0,0,0
2020-12-22 16:04:00,0,0,0,0,0,0
2020-12-22 16:04:10,0,0,0,0,0,0
2020-12-22 16:04:20,0,0,0,0,0,0
2020-12-22 16:04:30,0,0,0,0,0,0
2020-12-22 16:04:40,0,0,0,0,0,0
2020-12-22 16:04:50,0,0,0,0,0,0
2020-12-22 16:05:00,0,0,0,0,0,0
2020-12-22 16:05:10,0,0,0,0,0,0
2020-12-22 16:05:20,0,0,0,0,0,0
2020-12-22 16:05:30,0,0,0,0,0,0
2020-12-22 16:05:40,0,0,0,0,0,0
2020-12-22 16:05:50,0,0,0,0,0,0
2020-12-22 16:06:00,0,0,0,0,0,0
2020-12-22 16:06:10,0,0,0,0,0,0
2020-12-22 16:06:20,0,0,0,0,0,0
2020-12-22 16:06:30,0,0,0,0,0,0
2020-12-22 16:06:40,0,0,0,0,0,0
2020-12-22 16:06:50,0,0,0,0,0,0
2020-12-22 16:07:00,0,0,0,0,0,0
2020-12-22 16:07:10,0,0,0,0,0,0
2020-12-22 16:07:20,0,0,0,0,0,0
2020-12-22 16:07:30,0,0,0,0,0,0
2020-12-22 16:07:40,0,0,0,0,0,0
2020-12-22 16:07:50,0,0,0,0,0,0
2020-12-22 16:08:00,0,0,0,0,0,0
2020-12-22 16:08:10,0,0,0,0,0,0
2020-12-22 16:08:20,0,0,0,0,0,0
2020-12-22 16:08:30,0,0,0,0,0,0
2020-12-22 16:08:40,0,0,0,0,0,0
2020-12-22 16:08:50,0,0,0,0,0,0
2020-12-22 16:09:00,0,0,0,0,0,0
2020-12-22 16:09:10,0,0,0,0,0,0
2020-12-22 16:09:20,0,0,0,0,0,0
2020-12-22 16:09:30,0,0,0,0,0,0
